{
  "format_version": "1.8.0",
  "animations": {
    "animation.model.draw": {
      "loop": true,
      "animation_length": 1.5,
      "bones": {
        "main": {
          "rotation": {
            "0.0": {
              "vector": [
                23.1968,
                -6.03864,
                6.37855
              ]
            },
            "0.1333": {
              "vector": [
                23.63662,
                -5.52637,
                1.3989
              ]
            },
            "0.3": {
              "vector": [
                21.79683,
                -4.50825,
                0.65603
              ]
            },
            "0.4333": {
              "vector": [
                19.97007,
                -5.02057,
                3.54334
              ]
            },
            "0.6": {
              "vector": [
                9.12567,
                -4.39669,
                0.5454
              ]
            },
            "0.8": {
              "vector": [
                -1.74911,
                -0.81072,
                -1.97618
              ]
            },
            "0.9333": {
              "vector": [
                -1.02236,
                -0.41032,
                1.87038
              ]
            },
            "1.0333": {
              "vector": [
                -0.00218,
                0.24999,
                -0.5
              ]
            },
            "1.1667": {
              "vector": [
                0,
                0,
                0
              ]
            }
          },
          "position": {
            "0.0": {
              "vector": [
                0,
                -20.775,
                0
              ]
            },
            "0.2333": {
              "vector": [
                -0.7,
                -13.3,
                -2.3
              ]
            },
            "0.4": {
              "vector": [
                -0.47,
                -7.845,
                -4.305
              ]
            },
            "0.5667": {
              "vector": [
                -0.21,
                -2.91,
                -6.035
              ]
            },
            "0.8": {
              "vector": [
                0,
                0.925,
                -1.1
              ]
            },
            "0.9": {
              "vector": [
                0.075,
                -0.12,
                -0.055
              ]
            },
            "1.0": {
              "vector": [
                0,
                -0.075,
                0.275
              ]
            },
            "1.1333": {
              "vector": [
                0,
                0,
                0
              ]
            }
          }
        }
      }
    },
    "animation.model.reload": {
      "loop": true,
      "animation_length": 2.93333,
      "bones": {
        "main": {
          "rotation": {
            "0.0": {
              "vector": [
                "0 * (math.abs(pbj.aimprog - 1.1))",
                "0 * (math.abs(pbj.aimprog - 1.1))",
                "0 * (math.abs(pbj.aimprog - 1.1))"
              ]
            },
            "0.1667": {
              "vector": [
                "6.20407 * (math.abs(pbj.aimprog - 1.1))",
                "4.18006 * (math.abs(pbj.aimprog - 1.1))",
                "0.66803 * (math.abs(pbj.aimprog - 1.1))"
              ],
              "easing": "easeInSine"
            },
            "0.6333": {
              "vector": [
                "40.39518 * (math.abs(pbj.aimprog - 1.1))",
                "-15.06168 * (math.abs(pbj.aimprog - 1.1))",
                "6.18279 * (math.abs(pbj.aimprog - 1.1))"
              ]
            },
            "1.6": {
              "vector": [
                "24.30477 * (math.abs(pbj.aimprog - 1.1))",
                "3.89997 * (math.abs(pbj.aimprog - 1.1))",
                "6.35779 * (math.abs(pbj.aimprog - 1.1))"
              ]
            },
            "1.7333": {
              "vector": [
                "23.88025 * (math.abs(pbj.aimprog - 1.1))",
                "4.47067 * (math.abs(pbj.aimprog - 1.1))",
                "1.39664 * (math.abs(pbj.aimprog - 1.1))"
              ]
            },
            "1.9": {
              "vector": [
                "21.91127 * (math.abs(pbj.aimprog - 1.1))",
                "5.4911 * (math.abs(pbj.aimprog - 1.1))",
                "0.65702 * (math.abs(pbj.aimprog - 1.1))"
              ]
            },
            "2.0333": {
              "vector": [
                "20.43271 * (math.abs(pbj.aimprog - 1.1))",
                "2.46517 * (math.abs(pbj.aimprog - 1.1))",
                "3.533 * (math.abs(pbj.aimprog - 1.1))"
              ]
            },
            "2.2": {
              "vector": [
                "9.19696 * (math.abs(pbj.aimprog - 1.1))",
                "3.10297 * (math.abs(pbj.aimprog - 1.1))",
                "0.54459 * (math.abs(pbj.aimprog - 1.1))"
              ]
            },
            "2.4": {
              "vector": [
                "-1.74911 * (math.abs(pbj.aimprog - 1.1))",
                "-0.81072 * (math.abs(pbj.aimprog - 1.1))",
                "-1.97618 * (math.abs(pbj.aimprog - 1.1))"
              ]
            },
            "2.5333": {
              "vector": [
                "-1.02236 * (math.abs(pbj.aimprog - 1.1))",
                "-0.41032 * (math.abs(pbj.aimprog - 1.1))",
                "1.87038 * (math.abs(pbj.aimprog - 1.1))"
              ]
            },
            "2.6333": {
              "vector": [
                "-0.00218 * (math.abs(pbj.aimprog - 1.1))",
                "0.24999 * (math.abs(pbj.aimprog - 1.1))",
                "-0.5 * (math.abs(pbj.aimprog - 1.1))"
              ]
            },
            "2.7667": {
              "vector": [
                "0 * (math.abs(pbj.aimprog - 1.1))",
                "0 * (math.abs(pbj.aimprog - 1.1))",
                "0 * (math.abs(pbj.aimprog - 1.1))"
              ]
            }
          },
          "position": {
            "0.0": {
              "vector": [
                "0 * (math.abs(pbj.aimprog - 1.1))",
                "0 * (math.abs(pbj.aimprog - 1.1))",
                "0 * (math.abs(pbj.aimprog - 1.1))"
              ]
            },
            "0.2": {
              "vector": [
                "0 * (math.abs(pbj.aimprog - 1.1))",
                "-7.28 * (math.abs(pbj.aimprog - 1.1))",
                "-5.05 * (math.abs(pbj.aimprog - 1.1))"
              ],
              "easing": "easeInSine"
            },
            "0.3333": {
              "vector": [
                "-0.325 * (math.abs(pbj.aimprog - 1.1))",
                "-13.485 * (math.abs(pbj.aimprog - 1.1))",
                "-7.62 * (math.abs(pbj.aimprog - 1.1))"
              ]
            },
            "0.6": {
              "vector": [
                "-9.125 * (math.abs(pbj.aimprog - 1.1))",
                "-27.1 * (math.abs(pbj.aimprog - 1.1))",
                "-9.875 * (math.abs(pbj.aimprog - 1.1))"
              ]
            },
            "1.6": {
              "vector": [
                "0 * (math.abs(pbj.aimprog - 1.1))",
                "-20.775 * (math.abs(pbj.aimprog - 1.1))",
                "0 * (math.abs(pbj.aimprog - 1.1))"
              ]
            },
            "1.8333": {
              "vector": [
                "-0.7 * (math.abs(pbj.aimprog - 1.1))",
                "-13.3 * (math.abs(pbj.aimprog - 1.1))",
                "-2.3 * (math.abs(pbj.aimprog - 1.1))"
              ]
            },
            "2.0": {
              "vector": [
                "-0.47 * (math.abs(pbj.aimprog - 1.1))",
                "-7.845 * (math.abs(pbj.aimprog - 1.1))",
                "-4.305 * (math.abs(pbj.aimprog - 1.1))"
              ]
            },